gainA,gainB,switch_state
0.10000000149011612,0.10000000149011612,13
